Workbook
Name FID_1: [1]AGR_Fuels!$A$2

Sheet ELC_NEW_GENERATORS
A1: ~FI_Process | K1: ~FI_T
A2: Sets | B2: TechName | C2: TechDesc | D2: Tact | E2: Tcap | F2: Tslvl | G2: PrimaryCG | H2: Vintage | K2: TechName | L2: *TechDesc | M2: Comm-IN | N2: Comm-OUT | O2: Curr | P2: Other_Indexes | Q2: NCAP_COST | R2: ACT_COST | S2: NCAP_FOM | T2: ACT_EFF | U2: STG_EFF | V2: NCAP_TLIFE | W2: PRC_CAPACT | X2: NCAP_AFA | Y2: NCAP_AFC | Z2: NCAP_START | AB2: NCAP_ILED | AC2: NCAP_DISC | AG2: Technology Name | AH2: Technology SET | AI2: TIMES_COMM | AJ2: NEMS EMM Fuel Code | AK2: Technology Type Desc | AL2: Vintage Number | AO2: DCAP_3_LETTER_CODE | AP2: DCAP_NAME
A3: \I: Process Set Membership | B3: Technology name | C3: Description | D3: Activity unit | E3: Capacity unit | F3: TimeSlice level of Process Activity | G3: Primary Commodity Group | H3: Vintage Tracking | K3: \I: Technology Name | L3: Technology Description | M3: Input Commodity | N3: Output Commodity | O3: Currency | Q3: Total overnight cost (2021 $/kW) | R3: Variable O&M (2021$/MWh) | S3: Fixed O&M (2021$/ kW-yr) | T3: Efficiency | U3: Storage efficiency | V3: Technical life | X3: Max. capacity factor | AB3: Lead time between investment decision and actual availability of new capacity (= construction time). | AC3: Size of New Units | AO3: COU | AP3: Coal Steam pre- 1965
A4: ELE | B4: ="E_"&AH4&"_"&AI4&"_"&AJ4&"_"&AL4 -> E_THM_COA_CAV_01 | C4: =AK4&"_"&AG4 -> Electricity Power Plant_Ultra-supercritical coal (USC) | D4: PJ | E4: GW | F4: DAYNITE | K4: =B4 -> E_THM_COA_CAV_01 | L4: =C4 -> Electricity Power Plant_Ultra-supercritical coal (USC) | M4: ="ELC"&AI4 -> ELCCOA | N4: ELCC | O4: =NEMS_EMM_AEO2022!L3 -> MUSD2021 | P4: ACT | Q4: =NEMS_EMM_AEO2022!H3 -> 4074 | R4: =NEMS_EMM_AEO2022!I3 -> 4.71 | S4: =NEMS_EMM_AEO2022!J3 -> 42.49 | T4: =(1/(NEMS_EMM_AEO2022!K3*0.2931)*1000) -> 0.39497625 | V4: 45 | W4: 31.536 | X4: 0.85 | Z4: =NEMS_EMM_AEO2022!C3+1 -> 2026 | AB4: =NEMS_EMM_AEO2022!E3 -> 4 | AC4: =NEMS_EMM_AEO2022!D3/1000 -> 0.65 | AG4: Ultra-supercritical coal (USC) | AH4: THM | AI4: COA | AJ4: CAV | AK4: Electricity Power Plant | AL4: 01 | AO4: CSU | AP4: Coal Steam post- 1965
A5: ELE | B5: ="E_"&AH5&"_"&AI5&"_"&AJ5&"_"&AL5 -> E_THM_COA_COQ_01 | C5: =AK5&"_"&AG5 -> Electricity Power Plant with CCS_USC with 30% carbon capture and sequestration (CCS) | D5: PJ | E5: GW | F5: DAYNITE | K5: =B5 -> E_THM_COA_COQ_01 | L5: =C5 -> Electricity Power Plant with CCS_USC with 30% carbon capture and sequestration (CCS) | M5: ="ELC"&AI5 -> ELCCOA | N5: ELCC | O5: =NEMS_EMM_AEO2022!L4 -> MUSD2021 | P5: ACT | Q5: =NEMS_EMM_AEO2022!H4 -> 5096 | R5: =NEMS_EMM_AEO2022!I4 -> 7.41 | S5: =NEMS_EMM_AEO2022!J4 -> 56.84 | T5: =(1/(NEMS_EMM_AEO2022!K4*0.2931)*1000) -> 0.34989282 | V5: 45 | W5: 31.536 | X5: 0.85 | Z5: =NEMS_EMM_AEO2022!C4+1 -> 2026 | AB5: =NEMS_EMM_AEO2022!E4 -> 4 | AC5: =NEMS_EMM_AEO2022!D4/1000 -> 0.65 | AG5: USC with 30% carbon capture and sequestration (CCS) | AH5: THM | AI5: COA | AJ5: COQ | AK5: Electricity Power Plant with CCS | AL5: 01 | AO5: CSC | AP5: Coal Steam with Scrubber
A6: ELE | B6: ="E_"&AH6&"_"&AI6&"_"&AJ6&"_"&AL6 -> E_THM_COA_COQ_01 | C6: =AK6&"_"&AG6 -> Electricity Power Plant with CCS_USC with 90% CCS | D6: PJ | E6: GW | F6: DAYNITE | K6: =B6 -> E_THM_COA_COQ_01 | L6: =C6 -> Electricity Power Plant with CCS_USC with 90% CCS | M6: ="ELC"&AI6 -> ELCCOA | N6: ELCC | O6: =NEMS_EMM_AEO2022!L5 -> MUSD2021 | P6: ACT | Q6: =NEMS_EMM_AEO2022!H5 -> 6625 | R6: =NEMS_EMM_AEO2022!I5 -> 11.49 | S6: =NEMS_EMM_AEO2022!J5 -> 62.34 | T6: =(1/(NEMS_EMM_AEO2022!K5*0.2931)*1000) -> 0.27279162 | V6: 45 | W6: 31.536 | X6: 0.85 | Z6: =NEMS_EMM_AEO2022!C5+1 -> 2026 | AB6: =NEMS_EMM_AEO2022!E5 -> 4 | AC6: =NEMS_EMM_AEO2022!D5/1000 -> 0.65 | AG6: USC with 90% CCS | AH6: THM | AI6: COA | AJ6: COQ | AK6: Electricity Power Plant with CCS | AL6: 01 | AO6: CNC | AP6: New Coal Steam
A7: ELE | B7: ="E_"&AH7&"_"&AI7&"_"&AJ7&"_"&AL7 -> E_THM_NGA_CCG_01 | C7: =AK7&"_"&AG7 -> Electricity Power Plant_Combined-cycle—single shaft | D7: PJ | E7: GW | F7: DAYNITE | K7: =B7 -> E_THM_NGA_CCG_01 | L7: =C7 -> Electricity Power Plant_Combined-cycle—single shaft | M7: ="ELC"&AI7 -> ELCNGA | N7: ELCC | O7: =NEMS_EMM_AEO2022!L6 -> MUSD2021 | P7: ACT | Q7: =NEMS_EMM_AEO2022!H6 -> 1201 | R7: =NEMS_EMM_AEO2022!I6 -> 2.67 | S7: =NEMS_EMM_AEO2022!J6 -> 14.76 | T7: =(1/(NEMS_EMM_AEO2022!K6*0.2931)*1000) -> 0.53052478 | V7: 45 | W7: 31.536 | X7: 0.85 | Z7: =NEMS_EMM_AEO2022!C6+1 -> 2025 | AB7: =NEMS_EMM_AEO2022!E6 -> 3 | AC7: =NEMS_EMM_AEO2022!D6/1000 -> 0.418 | AG7: Combined-cycle—single shaft | AH7: THM | AI7: NGA | AJ7: CCG | AK7: Electricity Power Plant | AL7: 01 | AO7: CN2 | AP7: Other New Coal Steam
A8: ELE | B8: ="E_"&AH8&"_"&AI8&"_"&AJ8&"_"&AL8 -> E_THM_NGA_CCG_01 | C8: =AK8&"_"&AG8 -> Electricity Power Plant_Combined-cycle—multi shaft | D8: PJ | E8: GW | F8: DAYNITE | K8: =B8 -> E_THM_NGA_CCG_01 | L8: =C8 -> Electricity Power Plant_Combined-cycle—multi shaft | M8: ="ELC"&AI8 -> ELCNGA | N8: ELCC | O8: =NEMS_EMM_AEO2022!L7 -> MUSD2021 | P8: ACT | Q8: =NEMS_EMM_AEO2022!H7 -> 1062 | R8: =NEMS_EMM_AEO2022!I7 -> 1.96 | S8: =NEMS_EMM_AEO2022!J7 -> 12.77 | T8: =(1/(NEMS_EMM_AEO2022!K7*0.2931)*1000) -> 0.53560516 | V8: 45 | W8: 31.536 | X8: 0.85 | Z8: =NEMS_EMM_AEO2022!C7+1 -> 2025 | AB8: =NEMS_EMM_AEO2022!E7 -> 3 | AC8: =NEMS_EMM_AEO2022!D7/1000 -> 1.083 | AG8: Combined-cycle—multi shaft | AH8: THM | AI8: NGA | AJ8: CCG | AK8: Electricity Power Plant | AL8: 01 | AO8: CAV | AP8: New Advanced Coal
A9: ELE | B9: ="E_"&AH9&"_"&AI9&"_"&AJ9&"_"&AL9 -> E_THM_NGA_ACS_01 | C9: =AK9&"_"&AG9 -> Electricity Power Plant with CCS_Combined-cycle with 90% CCS | D9: PJ | E9: GW | F9: DAYNITE | K9: =B9 -> E_THM_NGA_ACS_01 | L9: =C9 -> Electricity Power Plant with CCS_Combined-cycle with 90% CCS | M9: ="ELC"&AI9 -> ELCNGA | N9: ELCC | O9: =NEMS_EMM_AEO2022!L8 -> MUSD2021 | P9: ACT | Q9: =NEMS_EMM_AEO2022!H8 -> 2845 | R9: =NEMS_EMM_AEO2022!I8 -> 6.11 | S9: =NEMS_EMM_AEO2022!J8 -> 28.89 | T9: =(1/(NEMS_EMM_AEO2022!K8*0.2931)*1000) -> 0.47891702 | V9: 45 | W9: 31.536 | X9: 0.85 | Z9: =NEMS_EMM_AEO2022!C8+1 -> 2025 | AB9: =NEMS_EMM_AEO2022!E8 -> 3 | AC9: =NEMS_EMM_AEO2022!D8/1000 -> 0.377 | AG9: Combined-cycle with 90% CCS | AH9: THM | AI9: NGA | AJ9: ACS | AK9: Electricity Power Plant with CCS | AL9: 01 | AO9: CNG | AP9: IGCC with NG Cofiring
A10: ELE | B10: ="E_"&AH10&"_"&AI10&"_"&AJ10&"_"&AL10 -> E_THM_NGA_ICE_01 | C10: =AK10&"_"&AG10 -> Electricity Power Plant_Internal combustion engine | D10: PJ | E10: GW | F10: DAYNITE | K10: =B10 -> E_THM_NGA_ICE_01 | L10: =C10 -> Electricity Power Plant_Internal combustion engine | M10: ="ELC"&AI10 -> ELCNGA | N10: ELCC | O10: =NEMS_EMM_AEO2022!L9 -> MUSD2021 | P10: ACT | Q10: =NEMS_EMM_AEO2022!H9 -> 2018 | R10: =NEMS_EMM_AEO2022!I9 -> 5.96 | S10: =NEMS_EMM_AEO2022!J9 -> 36.81 | T10: =(1/(NEMS_EMM_AEO2022!K9*0.2931)*1000) -> 0.4113086 | V10: 45 | W10: 31.536 | X10: 0.85 | Z10: =NEMS_EMM_AEO2022!C9+1 -> 2024 | AB10: =NEMS_EMM_AEO2022!E9 -> 2 | AC10: =NEMS_EMM_AEO2022!D9/1000 -> 0.021 | AG10: Internal combustion engine | AH10: THM | AI10: NGA | AJ10: ICE | AK10: Electricity Power Plant | AL10: 01 | AO10: COQ | AP10: New Coal w/Partial Sequestration
A11: ELE | B11: ="E_"&AH11&"_"&AI11&"_"&AJ11&"_"&AL11 -> E_THM_NGA_CTA_01 | C11: =AK11&"_"&AG11 -> Electricity Power Plant_Combustion turbine—aeroderivative | D11: PJ | E11: GW | F11: DAYNITE | K11: =B11 -> E_THM_NGA_CTA_01 | L11: =C11 -> Electricity Power Plant_Combustion turbine—aeroderivative | M11: ="ELC"&AI11 -> ELCNGA | N11: ELCC | O11: =NEMS_EMM_AEO2022!L10 -> MUSD2021 | P11: ACT | Q11: =NEMS_EMM_AEO2022!H10 -> 1294 | R11: =NEMS_EMM_AEO2022!I10 -> 4.92 | S11: =NEMS_EMM_AEO2022!J10 -> 17.06 | T11: =(1/(NEMS_EMM_AEO2022!K10*0.2931)*1000) -> 0.3739374 | V11: 45 | W11: 31.536 | X11: 0.85 | Z11: =NEMS_EMM_AEO2022!C10+1 -> 2024 | AB11: =NEMS_EMM_AEO2022!E10 -> 2 | AC11: =NEMS_EMM_AEO2022!D10/1000 -> 0.105 | AG11: Combustion turbine—aeroderivative | AH11: THM | AI11: NGA | AJ11: CTA | AK11: Electricity Power Plant | AL11: 01 | AO11: CAS | AP11: New Adv. Coal with Sequestration
A12: ELE | B12: ="E_"&AH12&"_"&AI12&"_"&AJ12&"_"&AL12 -> E_THM_NGA_ACT_01 | C12: =AK12&"_"&AG12 -> Electricity Power Plant_Combustion turbine—industrial frame | D12: PJ | E12: GW | F12: DAYNITE | K12: =B12 -> E_THM_NGA_ACT_01 | L12: =C12 -> Electricity Power Plant_Combustion turbine—industrial frame | M12: ="ELC"&AI12 -> ELCNGA | N12: ELCC | O12: =NEMS_EMM_AEO2022!L11 -> MUSD2021 | P12: ACT | Q12: =NEMS_EMM_AEO2022!H11 -> 785 | R12: =NEMS_EMM_AEO2022!I11 -> 4.71 | S12: =NEMS_EMM_AEO2022!J11 -> 7.33 | T12: =(1/(NEMS_EMM_AEO2022!K11*0.2931)*1000) -> 0.34445279 | V12: 45 | W12: 31.536 | X12: 0.85 | Z12: =NEMS_EMM_AEO2022!C11+1 -> 2024 | AB12: =NEMS_EMM_AEO2022!E11 -> 2 | AC12: =NEMS_EMM_AEO2022!D11/1000 -> 0.237 | AG12: Combustion turbine—industrial frame | AH12: THM | AI12: NGA | AJ12: ACT | AK12: Electricity Power Plant | AL12: 01 | AO12: CTN | AP12: Coal to Gas Retrofit
A13: ELE | B13: ="E_"&AH13&"_"&AI13&"_"&AJ13&"_"&AL13 -> E_THM_H2_FCG_01 | C13: =AK13&"_"&AG13 -> Electricity Power Plant_Fuel cells | D13: PJ | E13: GW | F13: DAYNITE | K13: =B13 -> E_THM_H2_FCG_01 | L13: =C13 -> Electricity Power Plant_Fuel cells | M13: ="ELC"&AI13 -> ELCH2 | N13: ELCC | O13: =NEMS_EMM_AEO2022!L12 -> MUSD2021 | P13: ACT | Q13: =NEMS_EMM_AEO2022!H12 -> 7224 | R13: =NEMS_EMM_AEO2022!I12 -> 0.62 | S13: =NEMS_EMM_AEO2022!J12 -> 32.23 | T13: =(1/(NEMS_EMM_AEO2022!K12*0.2931)*1000) -> 0.52740839 | V13: 30 | W13: 31.536 | X13: 0.85 | Z13: =NEMS_EMM_AEO2022!C12+1 -> 2025 | AB13: =NEMS_EMM_AEO2022!E12 -> 3 | AC13: =NEMS_EMM_AEO2022!D12/1000 -> 0.01 | AG13: Fuel cells | AH13: THM | AI13: H2 | AJ13: FCG | AK13: Electricity Power Plant | AL13: 01 | AO13: STO | AP13: Oil Steam
A14: ELE | B14: ="E_"&AH14&"_"&AI14&"_"&AJ14&"_"&AL14 -> E_THM_NUC_CNU_01 | C14: =AK14&"_"&AG14 -> Electricity Power Plant_Nuclear—light water reactor | D14: PJ | E14: GW | F14: DAYNITE | K14: =B14 -> E_THM_NUC_CNU_01 | L14: =C14 -> Electricity Power Plant_Nuclear—light water reactor | M14: ="ELC"&AI14 -> ELCNUC | N14: ELCC | O14: =NEMS_EMM_AEO2022!L13 -> MUSD2021 | P14: ACT | Q14: =NEMS_EMM_AEO2022!H13 -> 7030 | R14: =NEMS_EMM_AEO2022!I13 -> 2.48 | S14: =NEMS_EMM_AEO2022!J13 -> 127.35 | T14: =(1/(NEMS_EMM_AEO2022!K13*0.2931)*1000) -> 0.32670735 | V14: 50 | W14: 31.536 | X14: 0.85 | Z14: =NEMS_EMM_AEO2022!C13+1 -> 2028 | AB14: =NEMS_EMM_AEO2022!E13 -> 6 | AC14: =NEMS_EMM_AEO2022!D13/1000 -> 2.156 | AG14: Nuclear—light water reactor | AH14: THM | AI14: NUC | AJ14: CNU | AK14: Electricity Power Plant | AL14: 01 | AO14: STG | AP14: Gas Steam
A15: ELE | B15: ="E_"&AH15&"_"&AI15&"_"&AJ15&"_"&AL15 -> E_THM_NUC_SMR_01 | C15: =AK15&"_"&AG15 -> Electricity Power Plant_Nuclear—small modular reactor | D15: PJ | E15: GW | F15: DAYNITE | K15: =B15 -> E_THM_NUC_SMR_01 | L15: =C15 -> Electricity Power Plant_Nuclear—small modular reactor | M15: ="ELC"&AI15 -> ELCNUC | N15: ELCC | O15: =NEMS_EMM_AEO2022!L14 -> MUSD2021 | P15: ACT | Q15: =NEMS_EMM_AEO2022!H14 -> 7547 | R15: =NEMS_EMM_AEO2022!I14 -> 3.14 | S15: =NEMS_EMM_AEO2022!J14 -> 99.46 | T15: =(1/(NEMS_EMM_AEO2022!K14*0.2931)*1000) -> 0.32670735 | V15: 50 | W15: 31.536 | X15: 0.85 | Z15: =NEMS_EMM_AEO2022!C14+1 -> 2029 | AB15: =NEMS_EMM_AEO2022!E14 -> 6 | AC15: =NEMS_EMM_AEO2022!D14/1000 -> 0.6 | AG15: Nuclear—small modular reactor | AH15: THM | AI15: NUC | AJ15: SMR | AK15: Electricity Power Plant | AL15: 01 | AO15: STX | AP15: Oil/Gas Steam
... A17: ELE | B17: ="E_"&AH17&"_"&AI17&"_"&AJ17&"_"&AL17 -> E_THM_OTH_DGP_01 | C17: =AK17&"_"&AG17 -> Electricity Power Plant_Distributed generation—peak | D17: PJ | E17: GW | F17: DAYNITE | K17: =B17 -> E_THM_OTH_DGP_01 | L17: =C17 -> Electricity Power Plant_Distributed generation—peak | M17: ="ELC"&AI17 -> ELCOTH | N17: ELCC | O17: =NEMS_EMM_AEO2022!L16 -> MUSD2021 | P17: ACT | Q17: =NEMS_EMM_AEO2022!H16 -> 2079 | R17: =NEMS_EMM_AEO2022!I16 -> 9.01 | S17: =NEMS_EMM_AEO2022!J16 -> 20.27 | T17: =(1/(NEMS_EMM_AEO2022!K16*0.2931)*1000) -> 0.34438325 | V17: 25 | W17: 31.536 | X17: 0.85 | Z17: =NEMS_EMM_AEO2022!C16+1 -> 2024 | AB17: =NEMS_EMM_AEO2022!E16 -> 2 | AC17: =NEMS_EMM_AEO2022!D16/1000 -> 0.001 | AG17: Distributed generation—peak | AH17: THM | AI17: OTH | AJ17: DGP | AK17: Electricity Power Plant | AL17: 01 | AO17: CTO | AP17: Oil Turbine
A18: STG | B18: ="E_"&AH18&"_"&AI18&"_"&AJ18&"_"&AL18 -> E_STG_ELCC_QST_01 | C18: =AK18&"_"&AG18 -> Storage_Battery storage | D18: PJ | E18: GW | F18: DAYNITE | K18: =B18 -> E_STG_ELCC_QST_01 | L18: =C18 -> Storage_Battery storage | M18: =AI18 -> ELCC | N18: ELCC | O18: =NEMS_EMM_AEO2022!L17 -> MUSD2021 | Q18: =NEMS_EMM_AEO2022!H17 -> 1316 | R18: =NEMS_EMM_AEO2022!I17 -> 0 | S18: =NEMS_EMM_AEO2022!J17 -> 25.96 | U18: 1 | V18: 25 | W18: 31.536 | Y18: =2/24 -> 0.083333333 | Z18: =NEMS_EMM_AEO2022!C17+1 -> 2023 | AB18: =NEMS_EMM_AEO2022!E17 -> 1 | AC18: =NEMS_EMM_AEO2022!D17/1000 -> 0.05 | AG18: Battery storage | AH18: STG | AI18: ELCC | AJ18: QST | AK18: Storage | AL18: 01 | AO18: CTG | AP18: Gas Turbine
A19: ELE | B19: ="E_"&AH19&"_"&AI19&"_"&AJ19&"_"&AL19 -> E_THM_BSL_BMS_01 | C19: =AK19&"_"&AG19 -> Electricity Power Plant_Biomass | D19: PJ | E19: GW | F19: DAYNITE | K19: =B19 -> E_THM_BSL_BMS_01 | L19: =C19 -> Electricity Power Plant_Biomass | M19: ="ELC"&AI19 -> ELCBSL | N19: ELCC | O19: =NEMS_EMM_AEO2022!L18 -> MUSD2021 | P19: ACT | Q19: =NEMS_EMM_AEO2022!H18 -> 4525 | R19: =NEMS_EMM_AEO2022!I18 -> 5.06 | S19: =NEMS_EMM_AEO2022!J18 -> 131.62 | T19: =(1/(NEMS_EMM_AEO2022!K18*0.2931)*1000) -> 0.25272628 | V19: 45 | W19: 31.536 | X19: 0.85 | Z19: =NEMS_EMM_AEO2022!C18+1 -> 2026 | AB19: =NEMS_EMM_AEO2022!E18 -> 4 | AC19: =NEMS_EMM_AEO2022!D18/1000 -> 0.05 | AG19: Biomass | AH19: THM | AI19: BSL | AJ19: BMS | AK19: Electricity Power Plant | AL19: 01 | AO19: CTX | AP19: Oil/Gas Turbine
A20: ELE | B20: ="E_"&AH20&"_"&AI20&"_"&AJ20&"_"&AL20 -> E_RNW_GEO_GTH_01 | C20: =AK20&"_"&AG20 -> Geothermal Plant_Geothermal | D20: PJ | E20: GW | F20: DAYNITE | K20: =B20 -> E_RNW_GEO_GTH_01 | L20: =C20 -> Geothermal Plant_Geothermal | M20: ="ELC"&AI20 -> ELCGEO | N20: ELCC | O20: =NEMS_EMM_AEO2022!L19 -> MUSD2021 | P20: ACT | Q20: =NEMS_EMM_AEO2022!H19 -> 3076 | R20: =NEMS_EMM_AEO2022!I19 -> 1.21 | S20: =NEMS_EMM_AEO2022!J19 -> 143.22 | T20: =(1/(NEMS_EMM_AEO2022!K19*0.2931)*1000) -> 0.38713319 | V20: 35 | W20: 31.536 | X20: 0.85 | Z20: =NEMS_EMM_AEO2022!C19+1 -> 2026 | AB20: =NEMS_EMM_AEO2022!E19 -> 4 | AC20: =NEMS_EMM_AEO2022!D19/1000 -> 0.05 | AG20: Geothermal | AH20: RNW | AI20: GEO | AJ20: GTH | AK20: Geothermal Plant | AL20: 01 | AO20: CTA | AP20: Aeroderivative Turbine
A21: ELE | B21: ="E_"&AH21&"_"&AI21&"_"&AJ21&"_"&AL21 -> E_RNW_WAT_HYC_01 | C21: =AK21&"_"&AG21 -> Hydro Plant_Conventional hydropower | D21: PJ | E21: GW | F21: DAYNITE | K21: =B21 -> E_RNW_WAT_HYC_01 | L21: =C21 -> Hydro Plant_Conventional hydropower | M21: ="ELC"&AI21 -> ELCWAT | N21: ELCC | O21: =NEMS_EMM_AEO2022!L20 -> MUSD2021 | P21: ACT | Q21: =NEMS_EMM_AEO2022!H20 -> 3083 | R21: =NEMS_EMM_AEO2022!I20 -> 1.46 | S21: =NEMS_EMM_AEO2022!J20 -> 43.78 | T21: 1 | V21: 100 | W21: 31.536 | X21: 0.55 | Z21: =NEMS_EMM_AEO2022!C20+1 -> 2026 | AB21: =NEMS_EMM_AEO2022!E20 -> 4 | AC21: =NEMS_EMM_AEO2022!D20/1000 -> 0.1 | AG21: Conventional hydropower | AH21: RNW | AI21: WAT | AJ21: HYC | AK21: Hydro Plant | AL21: 01 | AO21: ACT | AP21: Advanced Turbine
A22: ELE | B22: ="E_"&AH22&"_"&AI22&"_"&AJ22&"_"&AL22 -> E_RNW_WNO_WND_01 | C22: =AK22&"_"&AG22 -> Wind Onshore_Wind | D22: PJ | E22: GW | F22: ANNUAL | K22: =B22 -> E_RNW_WNO_WND_01 | L22: =C22 -> Wind Onshore_Wind | M22: ="ELC"&AI22 -> ELCWNO | N22: EWNO | O22: =NEMS_EMM_AEO2022!L21 -> MUSD2021 | P22: ACT | Q22: =NEMS_EMM_AEO2022!H21 -> 1718 | R22: =NEMS_EMM_AEO2022!I21 -> 0 | S22: =NEMS_EMM_AEO2022!J21 -> 27.57 | T22: 1 | V22: 25 | W22: 31.536 | X22: 0.35 | Z22: =NEMS_EMM_AEO2022!C21+1 -> 2025 | AB22: =NEMS_EMM_AEO2022!E21 -> 3 | AC22: =NEMS_EMM_AEO2022!D21/1000 -> 0.2 | AG22: Wind | AH22: RNW | AI22: WNO | AJ22: WND | AK22: Wind Onshore | AL22: 01 | AO22: CCO | AP22: Oil Combined Cycle
A23: ELE | B23: ="E_"&AH23&"_"&AI23&"_"&AJ23&"_"&AL23 -> E_RNW_WNF_WFS_01 | C23: =AK23&"_"&AG23 -> Wind Offshore_Wind offshore | D23: PJ | E23: GW | F23: ANNUAL | K23: =B23 -> E_RNW_WNF_WFS_01 | L23: =C23 -> Wind Offshore_Wind offshore | M23: ="ELC"&AI23 -> ELCWNF | N23: EWNF | O23: =NEMS_EMM_AEO2022!L22 -> MUSD2021 | P23: ACT | Q23: =NEMS_EMM_AEO2022!H22 -> 6041 | R23: =NEMS_EMM_AEO2022!I22 -> 0 | S23: =NEMS_EMM_AEO2022!J22 -> 115.16 | T23: 1 | V23: 25 | W23: 31.536 | X23: 0.5 | Z23: =NEMS_EMM_AEO2022!C22+1 -> 2026 | AB23: =NEMS_EMM_AEO2022!E22 -> 4 | AC23: =NEMS_EMM_AEO2022!D22/1000 -> 0.4 | AG23: Wind offshore | AH23: RNW | AI23: WNF | AJ23: WFS | AK23: Wind Offshore | AL23: 01 | AO23: CCG | AP23: Gas Combined Cycle
A24: ELE | B24: ="E_"&AH24&"_"&AI24&"_"&AJ24&"_"&AL24 -> E_RNW_STH_STH_01 | C24: =AK24&"_"&AG24 -> Solar Thermal_Solar thermal | D24: PJ | E24: GW | F24: DAYNITE | K24: =B24 -> E_RNW_STH_STH_01 | L24: =C24 -> Solar Thermal_Solar thermal | M24: ="ELC"&AI24 -> ELCSTH | N24: ELCC | O24: =NEMS_EMM_AEO2022!L23 -> MUSD2021 | P24: ACT | Q24: =NEMS_EMM_AEO2022!H23 -> 7895 | R24: =NEMS_EMM_AEO2022!I23 -> 0 | S24: =NEMS_EMM_AEO2022!J23 -> 89.39 | T24: 1 | V24: 35 | W24: 31.536 | X24: 0.3 | Z24: =NEMS_EMM_AEO2022!C23+1 -> 2025 | AB24: =NEMS_EMM_AEO2022!E23 -> 3 | AC24: =NEMS_EMM_AEO2022!D23/1000 -> 0.115 | AG24: Solar thermal | AH24: RNW | AI24: STH | AJ24: STH | AK24: Solar Thermal | AL24: 01 | AO24: CCX | AP24: Oil/Gas Combined Cycle
A25: ELE | B25: ="E_"&AH25&"_"&AI25&"_"&AJ25&"_"&AL25 -> E_RNW_SPV_SPV_01 | C25: =AK25&"_"&AG25 -> Solar PV_Solar photovoltaic (PV) with tracking | D25: PJ | E25: GW | F25: ANNUAL | K25: =B25 -> E_RNW_SPV_SPV_01 | L25: =C25 -> Solar PV_Solar photovoltaic (PV) with tracking | M25: ="ELC"&AI25 -> ELCSPV | N25: ESPV | O25: =NEMS_EMM_AEO2022!L24 -> MUSD2021 | P25: ACT | Q25: =NEMS_EMM_AEO2022!H24 -> 1327 | R25: =NEMS_EMM_AEO2022!I24 -> 0 | S25: =NEMS_EMM_AEO2022!J24 -> 15.97 | T25: 1 | V25: 20 | W25: 31.536 | X25: 0.11 | Z25: =NEMS_EMM_AEO2022!C24+1 -> 2024 | AB25: =NEMS_EMM_AEO2022!E24 -> 2 | AC25: =NEMS_EMM_AEO2022!D24/1000 -> 0.15 | AG25: Solar photovoltaic (PV) with tracking | AH25: RNW | AI25: SPV | AJ25: SPV | AK25: Solar PV | AL25: 01 | AO25: ACC | AP25: Advanced Combined Cycle
A26: ELE | B26: ="E_"&AH26&"_"&AI26&"_"&AJ26&"_"&AL26 -> E_RNW_SPV_SPS_01 | C26: =AK26&"_"&AG26 -> Solar PV w Storage_Solar PV with storage | D26: PJ | E26: GW | F26: ANNUAL | K26: =B26 -> E_RNW_SPV_SPS_01 | L26: =C26 -> Solar PV w Storage_Solar PV with storage | M26: ="ELC"&AI26 -> ELCSPV | N26: ESPV | O26: =NEMS_EMM_AEO2022!L25 -> MUSD2021 | P26: ACT | Q26: =NEMS_EMM_AEO2022!H25 -> 1748 | R26: =NEMS_EMM_AEO2022!I25 -> 0 | S26: =NEMS_EMM_AEO2022!J25 -> 33.67 | T26: 1 | V26: 20 | W26: 31.536 | X26: 0.11 | Z26: =NEMS_EMM_AEO2022!C25+1 -> 2024 | AB26: =NEMS_EMM_AEO2022!E25 -> 2 | AC26: =NEMS_EMM_AEO2022!D25/1000 -> 0.15 | AG26: Solar PV with storage | AH26: RNW | AI26: SPV | AJ26: SPS | AK26: Solar PV w Storage | AL26: 01 | AO26: AC2 | AP26: New Advanced Combined Cycle
A27: ELE | B27: ="E_"&AH27&"_"&AI27&"_"&AJ27&"_"&AL27 -> E_THM_MSW_MSW_01 | C27: Electricity Power Plant_Municipal solid waste—landfill gas | D27: PJ | E27: GW | F27: DAYNITE | K27: =B27 -> E_THM_MSW_MSW_01 | L27: Electricity Power Plant_Municipal solid waste—landfill gas | M27: ="ELC"&AI27 -> ELCMSW | N27: ELCC | O27: =NEMS_EMM_AEO2022!L26 -> MUSD2020 | P27: ACT | Q27: =NEMS_EMM_AEO2022!H26 -> 1566 | R27: =NEMS_EMM_AEO2022!I26 -> 6.23 | S27: =NEMS_EMM_AEO2022!J26 -> 20.2 | T27: =(1/(NEMS_EMM_AEO2022!K26*0.2931)*1000) -> 0.40077585 | V27: 45 | W27: 31.536 | X27: 0.85 | Z27: =NEMS_EMM_AEO2022!C26+1 -> 2024 | AB27: 4 | AC27: =NEMS_EMM_AEO2022!D26/1000 -> 0.036 | AG27: Municipal solid waste—landfill gas | AH27: THM | AI27: MSW | AJ27: MSW | AK27: Electricity Power Plant | AL27: 01 | AO27: ACS | AP27: Adv. Combined Cyc w/Sequestration
AO28: FCG | AP28: Fuel Cell
AO29: CNU | AP29: Conventional Nuclear
AO30: ANC | AP30: Advanced Nuclear
AO31: SMR | AP31: SMR Advanced Nuclear
AO32: GFN | AP32: Greenfield Nuclear
AO33: BMS | AP33: Wood/Biomass
AO34: BIG | AP34: Biomass IGCC
AO35: GTH | AP35: Geothermal
AO36: AGT | AP36: Advanced Geothermal
AO37: MSW | AP37: Municipal Solid Waste
AO38: HYC | AP38: Conventional Hydroelectric
AO39: HYA | AP39: Advanced Hydroelectric
... AO55: DGB | AP55: Distributed Generation-Base
K95: 54 | L95: DGP | M95: Distributed Generation-Peak

Sheet NEMS_EMM_AEO2022
B2: Technology | C2: First available year | D2: Size (MW) | E2: Lead time (years) | F2: Base overnight cost2 (2021 $/kW) | G2: Techno-logical optimism factor | H2: Total overnight cost (2020 $/kW) | I2: Variable O&M (2021$/MWh) | J2: Fixed O&M (2021$/ kW-yr) | K2: Heat rate (Btu/kWh) | L2: Currency
B3: Ultra-supercritical coal (USC) | C3: 2025 | D3: 650 | E3: 4 | F3: 4074 | G3: 1 | H3: 4074 | I3: 4.71 | J3: 42.49 | K3: 8638 | L3: MUSD2021
B4: USC with 30% carbon capture and sequestration (CCS) | C4: 2025 | D4: 650 | E4: 4 | F4: 5045 | G4: 1.01 | H4: 5096 | I4: 7.41 | J4: 56.84 | K4: 9751 | L4: MUSD2021
B5: USC with 90% CCS | C5: 2025 | D5: 650 | E5: 4 | F5: 6495 | G5: 1.02 | H5: 6625 | I5: 11.49 | J5: 62.34 | K5: 12507 | L5: MUSD2021
B6: Combined-cycle—single shaft | C6: 2024 | D6: 418 | E6: 3 | F6: 1201 | G6: 1 | H6: 1201 | I6: 2.67 | J6: 14.76 | K6: 6431 | L6: MUSD2021
B7: Combined-cycle—multi shaft | C7: 2024 | D7: 1083 | E7: 3 | F7: 1062 | G7: 1 | H7: 1062 | I7: 1.96 | J7: 12.77 | K7: 6370 | L7: MUSD2021
B8: Combined-cycle with 90% CCS | C8: 2024 | D8: 377 | E8: 3 | F8: 2736 | G8: 1.04 | H8: 2845 | I8: 6.11 | J8: 28.89 | K8: 7124 | L8: MUSD2021
B9: Internal combustion engine | C9: 2023 | D9: 21 | E9: 2 | F9: 2018 | G9: 1 | H9: 2018 | I9: 5.96 | J9: 36.81 | K9: 8295 | L9: MUSD2021
B10: Combustion turbine—aeroderivative | C10: 2023 | D10: 105 | E10: 2 | F10: 1294 | G10: 1 | H10: 1294 | I10: 4.92 | J10: 17.06 | K10: 9124 | L10: MUSD2021
B11: Combustion turbine—industrial frame | C11: 2023 | D11: 237 | E11: 2 | F11: 785 | G11: 1 | H11: 785 | I11: 4.71 | J11: 7.33 | K11: 9905 | L11: MUSD2021
B12: Fuel cells | C12: 2024 | D12: 10 | E12: 3 | F12: 6639 | G12: 1.09 | H12: 7224 | I12: 0.62 | J12: 32.23 | K12: 6469 | L12: MUSD2021
B13: Nuclear—light water reactor | C13: 2027 | D13: 2156 | E13: 6 | F13: 6695 | G13: 1.05 | H13: 7030 | I13: 2.48 | J13: 127.35 | K13: 10443 | L13: MUSD2021
B14: Nuclear—small modular reactor | C14: 2028 | D14: 600 | E14: 6 | F14: 6861 | G14: 1.1 | H14: 7547 | I14: 3.14 | J14: 99.46 | K14: 10443 | L14: MUSD2021
... B16: Distributed generation—peak | C16: 2023 | D16: 1 | E16: 2 | F16: 2079 | G16: 1 | H16: 2079 | I16: 9.01 | J16: 20.27 | K16: 9907 | L16: MUSD2021
B17: Battery storage | C17: 2022 | D17: 50 | E17: 1 | F17: 1316 | G17: 1 | H17: 1316 | I17: 0 | J17: 25.96 | K17: NA | L17: MUSD2021
B18: Biomass | C18: 2025 | D18: 50 | E18: 4 | F18: 4524 | G18: 1 | H18: 4525 | I18: 5.06 | J18: 131.62 | K18: 13500 | L18: MUSD2021
B19: Geothermal | C19: 2025 | D19: 50 | E19: 4 | F19: 3076 | G19: 1 | H19: 3076 | I19: 1.21 | J19: 143.22 | K19: 8813 | L19: MUSD2021
B20: Conventional hydropower | C20: 2025 | D20: 100 | E20: 4 | F20: 3083 | G20: 1 | H20: 3083 | I20: 1.46 | J20: 43.78 | K20: NA | L20: MUSD2021
B21: Wind | C21: 2024 | D21: 200 | E21: 3 | F21: 1718 | G21: 1 | H21: 1718 | I21: 0 | J21: 27.57 | K21: NA | L21: MUSD2021
B22: Wind offshore | C22: 2025 | D22: 400 | E22: 4 | F22: 4833 | G22: 1.25 | H22: 6041 | I22: 0 | J22: 115.16 | K22: NA | L22: MUSD2021
B23: Solar thermal | C23: 2024 | D23: 115 | E23: 3 | F23: 7895 | G23: 1 | H23: 7895 | I23: 0 | J23: 89.39 | K23: NA | L23: MUSD2021
B24: Solar photovoltaic (PV) with tracking | C24: 2023 | D24: 150 | E24: 2 | F24: 1327 | G24: 1 | H24: 1327 | I24: 0 | J24: 15.97 | K24: NA | L24: MUSD2021
B25: Solar PV with storage | C25: 2023 | D25: 150 | E25: 2 | F25: 1748 | G25: 1 | H25: 1748 | I25: 0 | J25: 33.67 | K25: NA | L25: MUSD2021
B26: Municipal solid waste—landfill gas | C26: 2023 | D26: 36 | E26: 3 | F26: 1566 | G26: 1 | H26: 1566 | I26: 6.23 | J26: 20.2 | K26: 8513 | L26: MUSD2020

Sheet NEMS_EMM PROCESSES_TECH_OPTIONS
A2: DCAP_INDEX | B2: DCAP_3_LETTER_CODE | C2: DCAP_NAME | D2: New
A3: 1 | B3: COU | C3: Coal Steam pre- 1965 | D3: 0
A4: 2 | B4: CSU | C4: Coal Steam post- 1965 | D4: 0
A5: 3 | B5: CSC | C5: Coal Steam with Scrubber | D5: 0
A6: 4 | B6: CNC | C6: New Coal Steam | D6: 1
A7: 5 | B7: CN2 | C7: Other New Coal Steam | D7: 1
A8: 6 | B8: CAV | C8: New Advanced Coal | D8: 1
A9: 7 | B9: CNG | C9: IGCC with NG Cofiring | D9: 0
A10: 8 | B10: COQ | C10: New Coal w/Partial Sequestration | D10: 1
A11: 9 | B11: CAS | C11: New Adv. Coal with Sequestration | D11: 1
A12: 10 | B12: CTN | C12: Coal to Gas Retrofit | D12: 1
A13: 11 | B13: STO | C13: Oil Steam | D13: 0
A14: 12 | B14: STG | C14: Gas Steam | D14: 0
... A32: 30 | B32: GFN | C32: Greenfield Nuclear | D32: 1
A33: 31 | B33: BMS | C33: Wood/Biomass
A34: 32 | B34: BIG | C34: Biomass IGCC
A35: 33 | B35: GTH | C35: Geothermal
A36: 34 | B36: AGT | C36: Advanced Geothermal
A37: 35 | B37: MSW | C37: Municipal Solid Waste
A38: 36 | B38: HYC | C38: Conventional Hydroelectric
A39: 37 | B39: HYA | C39: Advanced Hydroelectric
A40: 38 | B40: HYI | C40: Hydroelectric in Stream
A41: 39 | B41: HYT | C41: Hydroelectric Tidal
A42: 40 | B42: HYR | C42: Reversible Hydroelectric
A43: 41 | B43: QST | C43: Quick Response Storage
A44: 42 | B44: DST | C44: Diurnal Storage
... A55: 53 | B55: DGB | C55: Distributed Generation-Base
